﻿{"cameraMode":{"drawMode":0,"name":"Shaded","section":"Shading Mode"},"sceneLighting":true,"audioPlay":false,"sceneViewState":{"showFog":true,"showMaterialUpdate":false,"showSkybox":true,"showFlares":true,"showImageEffects":true,"showParticleSystems":true},"in2DMode":false,"pivot":{"x":-6.694648742675781,"y":3.1932263374328615,"z":-9.646745681762696},"rotation":{"x":0.011446916498243809,"y":-0.8723780512809753,"z":0.020404381677508355,"w":0.48830902576446535},"size":19.617141723632814,"orthographic":false}