﻿{"cameraMode":{"drawMode":0,"name":"Shaded","section":"Shading Mode"},"sceneLighting":false,"audioPlay":false,"sceneViewState":{"showFog":true,"showMaterialUpdate":false,"showSkybox":true,"showFlares":true,"showImageEffects":true,"showParticleSystems":true},"in2DMode":false,"pivot":{"x":3.9500832557678224,"y":-3.850264549255371,"z":-5.340004920959473},"rotation":{"x":0.06055879965424538,"y":0.7600063681602478,"z":-0.07157998532056809,"w":0.6431356072425842},"size":4.49152135848999,"orthographic":false}