﻿{"cameraMode":{"drawMode":0,"name":"Shaded","section":"Shading Mode"},"sceneLighting":false,"audioPlay":false,"sceneViewState":{"showFog":true,"showMaterialUpdate":false,"showSkybox":true,"showFlares":true,"showImageEffects":true,"showParticleSystems":true},"in2DMode":false,"pivot":{"x":3.501917600631714,"y":-3.623401403427124,"z":1.8322293758392335},"rotation":{"x":-0.10341931134462357,"y":-0.06355210393667221,"z":0.0066179996356368069,"w":-0.9925858974456787},"size":2.258237600326538,"orthographic":false}