﻿{"cameraMode":{"drawMode":0,"name":"Shaded","section":"Shading Mode"},"sceneLighting":false,"audioPlay":false,"sceneViewState":{"showFog":true,"showMaterialUpdate":false,"showSkybox":true,"showFlares":true,"showImageEffects":true,"showParticleSystems":true},"in2DMode":false,"pivot":{"x":1.8009262084960938,"y":-2.83984375,"z":1.9701690673828126},"rotation":{"x":-0.1600034236907959,"y":-0.257053941488266,"z":0.04319959133863449,"w":-0.9520827531814575},"size":3.8796751499176027,"orthographic":false}