﻿{"cameraMode":{"drawMode":0,"name":"Shaded","section":"Shading Mode"},"sceneLighting":false,"audioPlay":false,"sceneViewState":{"showFog":true,"showMaterialUpdate":false,"showSkybox":true,"showFlares":true,"showImageEffects":true,"showParticleSystems":true},"in2DMode":false,"pivot":{"x":7.722886085510254,"y":-6.420553207397461,"z":1.2003097534179688},"rotation":{"x":-0.01874758116900921,"y":0.9800733327865601,"z":-0.16200494766235352,"w":-0.11344209313392639},"size":42.30971145629883,"orthographic":false}