﻿{"cameraMode":{"drawMode":0,"name":"Shaded","section":"Shading Mode"},"sceneLighting":false,"audioPlay":false,"sceneViewState":{"showFog":true,"showMaterialUpdate":false,"showSkybox":true,"showFlares":true,"showImageEffects":true,"showParticleSystems":true},"in2DMode":false,"pivot":{"x":4.1478271484375,"y":-3.3630294799804689,"z":-4.74560546875},"rotation":{"x":-0.042981524020433429,"y":0.889711320400238,"z":-0.08567632734775543,"w":-0.44636180996894839},"size":2.4561867713928224,"orthographic":true}