﻿{"cameraMode":{"drawMode":0,"name":"Shaded","section":"Shading Mode"},"sceneLighting":false,"audioPlay":false,"sceneViewState":{"showFog":true,"showMaterialUpdate":false,"showSkybox":true,"showFlares":true,"showImageEffects":true,"showParticleSystems":true},"in2DMode":false,"pivot":{"x":0.011130213737487793,"y":1.1614972352981568,"z":-0.093222975730896},"rotation":{"x":0.12383227795362473,"y":-0.13943572342395783,"z":0.017560428008437158,"w":0.9823172092437744},"size":4.616097450256348,"orthographic":false}