﻿{"cameraMode":{"drawMode":0,"name":"Shaded","section":"Shading Mode"},"sceneLighting":false,"audioPlay":false,"sceneViewState":{"showFog":true,"showMaterialUpdate":false,"showSkybox":true,"showFlares":true,"showImageEffects":true,"showParticleSystems":true},"in2DMode":false,"pivot":{"x":-6.923869609832764,"y":5.761017799377441,"z":-8.04082202911377},"rotation":{"x":-0.02297941967844963,"y":0.8860194087028503,"z":-0.04417753592133522,"w":-0.4609757363796234},"size":38.99225997924805,"orthographic":false}