﻿{"cameraMode":{"drawMode":0,"name":"Shaded","section":"Shading Mode"},"sceneLighting":false,"audioPlay":false,"sceneViewState":{"showFog":true,"showMaterialUpdate":false,"showSkybox":true,"showFlares":true,"showImageEffects":true,"showParticleSystems":true},"in2DMode":false,"pivot":{"x":2.170076370239258,"y":-3.4348905086517336,"z":-3.1744179725646974},"rotation":{"x":-0.05619096755981445,"y":0.5576178431510925,"z":-0.03787721320986748,"w":-0.827330470085144},"size":5.076568126678467,"orthographic":false}