﻿{"cameraMode":{"drawMode":0,"name":"Shaded","section":"Shading Mode"},"sceneLighting":false,"audioPlay":false,"sceneViewState":{"showFog":true,"showMaterialUpdate":false,"showSkybox":true,"showFlares":true,"showImageEffects":true,"showParticleSystems":true},"in2DMode":false,"pivot":{"x":-2.2859065532684328,"y":13.757015228271485,"z":1.2915799617767335},"rotation":{"x":-0.012091212905943394,"y":0.9858630895614624,"z":-0.0818338617682457,"w":-0.14570853114128114},"size":7.786231517791748,"orthographic":false}