﻿{"cameraMode":{"drawMode":0,"name":"Shaded","section":"Shading Mode"},"sceneLighting":false,"audioPlay":false,"sceneViewState":{"showFog":true,"showMaterialUpdate":false,"showSkybox":true,"showFlares":true,"showImageEffects":true,"showParticleSystems":true},"in2DMode":false,"pivot":{"x":0.42700910568237307,"y":-1.4400795698165894,"z":-1.614271640777588},"rotation":{"x":-0.016540417447686197,"y":0.7326778173446655,"z":-0.01782219484448433,"w":-0.6801490187644959},"size":2.2264790534973146,"orthographic":false}